date,ticker,close
2024-04-01,AAPL,170.00
2024-04-01,AMZN,180.00
2024-04-01,GOOGL,155.00
2024-04-01,JNJ,155.00
2024-04-01,JPM,195.00
2024-04-01,MSFT,380.00
2024-04-01,XOM,115.00
2024-04-02,AAPL,171.23
2024-04-02,AMZN,180.68
2024-04-02,GOOGL,151.01
2024-04-02,JNJ,154.05
2024-04-02,JPM,198.80
2024-04-02,MSFT,375.74
2024-04-02,XOM,114.97
2024-04-03,AAPL,170.95
2024-04-03,AMZN,176.25
2024-04-03,GOOGL,152.33
2024-04-03,JNJ,155.52
2024-04-03,JPM,197.81
2024-04-03,MSFT,375.60
2024-04-03,XOM,113.47
2024-04-04,AAPL,172.54
2024-04-04,AMZN,177.60
2024-04-04,GOOGL,150.78
2024-04-04,JNJ,155.29
2024-04-04,JPM,200.29
2024-04-04,MSFT,360.72
2024-04-04,XOM,108.73
2024-04-05,AAPL,176.28
2024-04-05,AMZN,179.73
2024-04-05,GOOGL,152.17
2024-04-05,JNJ,154.21
2024-04-05,JPM,200.24
2024-04-05,MSFT,356.23
2024-04-05,XOM,110.45
2024-04-08,AAPL,175.76
2024-04-08,AMZN,181.72
2024-04-08,GOOGL,150.38
2024-04-08,JNJ,155.02
2024-04-08,JPM,199.90
2024-04-08,MSFT,355.24
2024-04-08,XOM,111.90
2024-04-09,AAPL,175.24
2024-04-09,AMZN,185.55
2024-04-09,GOOGL,146.20
2024-04-09,JNJ,153.73
2024-04-09,JPM,201.95
2024-04-09,MSFT,349.84
2024-04-09,XOM,111.36
2024-04-10,AAPL,179.17
2024-04-10,AMZN,188.57
2024-04-10,GOOGL,142.53
2024-04-10,JNJ,153.79
2024-04-10,JPM,203.49
2024-04-10,MSFT,357.25
2024-04-10,XOM,111.50
2024-04-11,AAPL,181.14
2024-04-11,AMZN,190.30
2024-04-11,GOOGL,142.66
2024-04-11,JNJ,153.80
2024-04-11,JPM,199.93
2024-04-11,MSFT,351.01
2024-04-11,XOM,112.53
2024-04-12,AAPL,180.02
2024-04-12,AMZN,190.12
2024-04-12,GOOGL,143.27
2024-04-12,JNJ,155.41
2024-04-12,JPM,203.35
2024-04-12,MSFT,349.21
2024-04-12,XOM,109.48
2024-04-15,AAPL,181.44
2024-04-15,AMZN,184.32
2024-04-15,GOOGL,141.27
2024-04-15,JNJ,156.14
2024-04-15,JPM,206.60
2024-04-15,MSFT,349.92
2024-04-15,XOM,108.47
2024-04-16,AAPL,180.33
2024-04-16,AMZN,185.90
2024-04-16,GOOGL,142.73
2024-04-16,JNJ,156.12
2024-04-16,JPM,205.19
2024-04-16,MSFT,356.48
2024-04-16,XOM,110.01
2024-04-17,AAPL,179.22
2024-04-17,AMZN,186.71
2024-04-17,GOOGL,139.07
2024-04-17,JNJ,157.36
2024-04-17,JPM,206.15
2024-04-17,MSFT,350.23
2024-04-17,XOM,107.61
2024-04-18,AAPL,179.88
2024-04-18,AMZN,187.75
2024-04-18,GOOGL,138.95
2024-04-18,JNJ,159.46
2024-04-18,JPM,207.35
2024-04-18,MSFT,355.54
2024-04-18,XOM,108.18
2024-04-19,AAPL,175.22
2024-04-19,AMZN,183.35
2024-04-19,GOOGL,136.35
2024-04-19,JNJ,160.33
2024-04-19,JPM,208.01
2024-04-19,MSFT,355.72
2024-04-19,XOM,105.63
2024-04-22,AAPL,171.14
2024-04-22,AMZN,179.72
2024-04-22,GOOGL,134.99
2024-04-22,JNJ,160.37
2024-04-22,JPM,206.76
2024-04-22,MSFT,351.49
2024-04-22,XOM,106.51
2024-04-23,AAPL,169.86
2024-04-23,AMZN,183.41
2024-04-23,GOOGL,135.12
2024-04-23,JNJ,158.42
2024-04-23,JPM,205.24
2024-04-23,MSFT,353.68
2024-04-23,XOM,106.45
2024-04-24,AAPL,167.54
2024-04-24,AMZN,183.35
2024-04-24,GOOGL,133.32
2024-04-24,JNJ,156.86
2024-04-24,JPM,205.22
2024-04-24,MSFT,354.71
2024-04-24,XOM,103.47
2024-04-25,AAPL,168.32
2024-04-25,AMZN,185.80
2024-04-25,GOOGL,132.54
2024-04-25,JNJ,156.43
2024-04-25,JPM,208.01
2024-04-25,MSFT,352.18
2024-04-25,XOM,105.63
2024-04-26,AAPL,166.27
2024-04-26,AMZN,185.98
2024-04-26,GOOGL,134.69
2024-04-26,JNJ,155.56
2024-04-26,JPM,209.35
2024-04-26,MSFT,352.63
2024-04-26,XOM,104.28
2024-04-29,AAPL,163.10
2024-04-29,AMZN,186.16
2024-04-29,GOOGL,133.49
2024-04-29,JNJ,155.31
2024-04-29,JPM,208.51
2024-04-29,MSFT,351.06
2024-04-29,XOM,102.80
2024-04-30,AAPL,166.49
2024-04-30,AMZN,189.57
2024-04-30,GOOGL,135.29
2024-04-30,JNJ,155.41
2024-04-30,JPM,210.39
2024-04-30,MSFT,351.70
2024-04-30,XOM,103.18
2024-05-01,AAPL,166.02
2024-05-01,AMZN,187.81
2024-05-01,GOOGL,132.93
2024-05-01,JNJ,156.22
2024-05-01,JPM,203.75
2024-05-01,MSFT,354.79
2024-05-01,XOM,105.30
2024-05-02,AAPL,166.23
2024-05-02,AMZN,188.23
2024-05-02,GOOGL,134.07
2024-05-02,JNJ,156.14
2024-05-02,JPM,206.46
2024-05-02,MSFT,362.10
2024-05-02,XOM,103.44
2024-05-03,AAPL,163.03
2024-05-03,AMZN,186.67
2024-05-03,GOOGL,137.17
2024-05-03,JNJ,156.88
2024-05-03,JPM,202.47
2024-05-03,MSFT,356.63
2024-05-03,XOM,103.56
2024-05-06,AAPL,161.85
2024-05-06,AMZN,185.22
2024-05-06,GOOGL,131.96
2024-05-06,JNJ,157.00
2024-05-06,JPM,201.68
2024-05-06,MSFT,366.49
2024-05-06,XOM,104.35
2024-05-07,AAPL,162.15
2024-05-07,AMZN,184.22
2024-05-07,GOOGL,130.34
2024-05-07,JNJ,154.12
2024-05-07,JPM,199.18
2024-05-07,MSFT,357.73
2024-05-07,XOM,105.64
2024-05-08,AAPL,159.63
2024-05-08,AMZN,185.07
2024-05-08,GOOGL,131.56
2024-05-08,JNJ,152.78
2024-05-08,JPM,196.32
2024-05-08,MSFT,357.19
2024-05-08,XOM,105.98
2024-05-09,AAPL,160.51
2024-05-09,AMZN,183.48
2024-05-09,GOOGL,131.16
2024-05-09,JNJ,152.60
2024-05-09,JPM,198.97
2024-05-09,MSFT,359.99
2024-05-09,XOM,105.31
2024-05-10,AAPL,159.23
2024-05-10,AMZN,187.96
2024-05-10,GOOGL,131.96
2024-05-10,JNJ,150.89
2024-05-10,JPM,197.96
2024-05-10,MSFT,361.41
2024-05-10,XOM,103.79
2024-05-13,AAPL,158.63
2024-05-13,AMZN,184.89
2024-05-13,GOOGL,130.73
2024-05-13,JNJ,151.77
2024-05-13,JPM,198.78
2024-05-13,MSFT,358.73
2024-05-13,XOM,103.96
2024-05-14,AAPL,157.36
2024-05-14,AMZN,184.31
2024-05-14,GOOGL,130.94
2024-05-14,JNJ,154.00
2024-05-14,JPM,198.71
2024-05-14,MSFT,357.93
2024-05-14,XOM,102.02
2024-05-15,AAPL,161.50
2024-05-15,AMZN,182.87
2024-05-15,GOOGL,130.64
2024-05-15,JNJ,155.81
2024-05-15,JPM,199.83
2024-05-15,MSFT,355.86
2024-05-15,XOM,96.90
2024-05-16,AAPL,161.52
2024-05-16,AMZN,188.01
2024-05-16,GOOGL,133.09
2024-05-16,JNJ,155.52
2024-05-16,JPM,200.05
2024-05-16,MSFT,353.36
2024-05-16,XOM,97.66
2024-05-17,AAPL,159.22
2024-05-17,AMZN,188.79
2024-05-17,GOOGL,133.65
2024-05-17,JNJ,157.75
2024-05-17,JPM,197.20
2024-05-17,MSFT,357.31
2024-05-17,XOM,99.24
2024-05-20,AAPL,161.09
2024-05-20,AMZN,192.59
2024-05-20,GOOGL,134.39
2024-05-20,JNJ,158.00
2024-05-20,JPM,199.49
2024-05-20,MSFT,359.06
2024-05-20,XOM,95.19
2024-05-21,AAPL,158.44
2024-05-21,AMZN,187.34
2024-05-21,GOOGL,133.55
2024-05-21,JNJ,157.52
2024-05-21,JPM,198.42
2024-05-21,MSFT,356.08
2024-05-21,XOM,93.52
2024-05-22,AAPL,158.95
2024-05-22,AMZN,188.36
2024-05-22,GOOGL,132.55
2024-05-22,JNJ,156.63
2024-05-22,JPM,194.99
2024-05-22,MSFT,360.28
2024-05-22,XOM,94.56
2024-05-23,AAPL,154.73
2024-05-23,AMZN,191.64
2024-05-23,GOOGL,131.68
2024-05-23,JNJ,156.21
2024-05-23,JPM,194.08
2024-05-23,MSFT,361.82
2024-05-23,XOM,98.06
2024-05-24,AAPL,151.96
2024-05-24,AMZN,192.01
2024-05-24,GOOGL,132.52
2024-05-24,JNJ,155.66
2024-05-24,JPM,197.46
2024-05-24,MSFT,365.69
2024-05-24,XOM,98.10
2024-05-27,AAPL,152.42
2024-05-27,AMZN,196.00
2024-05-27,GOOGL,131.67
2024-05-27,JNJ,155.94
2024-05-27,JPM,199.41
2024-05-27,MSFT,368.75
2024-05-27,XOM,96.86
2024-05-28,AAPL,154.03
2024-05-28,AMZN,194.18
2024-05-28,GOOGL,132.30
2024-05-28,JNJ,156.20
2024-05-28,JPM,198.67
2024-05-28,MSFT,365.07
2024-05-28,XOM,96.55
2024-05-29,AAPL,154.45
2024-05-29,AMZN,199.50
2024-05-29,GOOGL,136.72
2024-05-29,JNJ,156.23
2024-05-29,JPM,197.92
2024-05-29,MSFT,362.64
2024-05-29,XOM,98.93
2024-05-30,AAPL,154.24
2024-05-30,AMZN,208.44
2024-05-30,GOOGL,138.64
2024-05-30,JNJ,156.90
2024-05-30,JPM,197.25
2024-05-30,MSFT,366.22
2024-05-30,XOM,97.82
2024-05-31,AAPL,153.65
2024-05-31,AMZN,207.11
2024-05-31,GOOGL,137.95
2024-05-31,JNJ,158.70
2024-05-31,JPM,201.99
2024-05-31,MSFT,369.19
2024-05-31,XOM,96.46
2024-06-03,AAPL,150.58
2024-06-03,AMZN,205.46
2024-06-03,GOOGL,140.62
2024-06-03,JNJ,160.15
2024-06-03,JPM,202.91
2024-06-03,MSFT,369.24
2024-06-03,XOM,95.65
2024-06-04,AAPL,149.13
2024-06-04,AMZN,211.27
2024-06-04,GOOGL,139.74
2024-06-04,JNJ,157.94
2024-06-04,JPM,203.94
2024-06-04,MSFT,369.93
2024-06-04,XOM,94.06
2024-06-05,AAPL,148.22
2024-06-05,AMZN,217.76
2024-06-05,GOOGL,135.36
2024-06-05,JNJ,154.20
2024-06-05,JPM,206.38
2024-06-05,MSFT,376.09
2024-06-05,XOM,94.27
2024-06-06,AAPL,150.46
2024-06-06,AMZN,215.71
2024-06-06,GOOGL,133.25
2024-06-06,JNJ,155.59
2024-06-06,JPM,206.99
2024-06-06,MSFT,373.44
2024-06-06,XOM,97.02
2024-06-07,AAPL,151.22
2024-06-07,AMZN,214.09
2024-06-07,GOOGL,129.41
2024-06-07,JNJ,153.62
2024-06-07,JPM,206.43
2024-06-07,MSFT,376.17
2024-06-07,XOM,97.58
2024-06-10,AAPL,147.61
2024-06-10,AMZN,213.04
2024-06-10,GOOGL,128.72
2024-06-10,JNJ,153.32
2024-06-10,JPM,206.01
2024-06-10,MSFT,375.37
2024-06-10,XOM,97.16
2024-06-11,AAPL,148.32
2024-06-11,AMZN,207.78
2024-06-11,GOOGL,128.78
2024-06-11,JNJ,151.65
2024-06-11,JPM,205.89
2024-06-11,MSFT,374.49
2024-06-11,XOM,96.67
2024-06-12,AAPL,147.58
2024-06-12,AMZN,204.29
2024-06-12,GOOGL,132.25
2024-06-12,JNJ,149.12
2024-06-12,JPM,205.84
2024-06-12,MSFT,379.86
2024-06-12,XOM,94.05
2024-06-13,AAPL,146.24
2024-06-13,AMZN,200.54
2024-06-13,GOOGL,132.96
2024-06-13,JNJ,149.90
2024-06-13,JPM,207.59
2024-06-13,MSFT,383.98
2024-06-13,XOM,95.53
2024-06-14,AAPL,147.53
2024-06-14,AMZN,197.73
2024-06-14,GOOGL,132.52
2024-06-14,JNJ,151.01
2024-06-14,JPM,207.76
2024-06-14,MSFT,388.09
2024-06-14,XOM,95.41
2024-06-17,AAPL,149.70
2024-06-17,AMZN,197.68
2024-06-17,GOOGL,134.29
2024-06-17,JNJ,150.21
2024-06-17,JPM,209.54
2024-06-17,MSFT,394.68
2024-06-17,XOM,95.11
2024-06-18,AAPL,151.69
2024-06-18,AMZN,198.64
2024-06-18,GOOGL,129.72
2024-06-18,JNJ,146.60
2024-06-18,JPM,209.39
2024-06-18,MSFT,394.94
2024-06-18,XOM,100.63
2024-06-19,AAPL,149.98
2024-06-19,AMZN,204.63
2024-06-19,GOOGL,130.23
2024-06-19,JNJ,145.87
2024-06-19,JPM,209.62
2024-06-19,MSFT,398.51
2024-06-19,XOM,101.17
2024-06-20,AAPL,149.39
2024-06-20,AMZN,200.89
2024-06-20,GOOGL,131.85
2024-06-20,JNJ,146.43
2024-06-20,JPM,204.97
2024-06-20,MSFT,397.11
2024-06-20,XOM,99.85
2024-06-21,AAPL,150.12
2024-06-21,AMZN,204.75
2024-06-21,GOOGL,128.84
2024-06-21,JNJ,144.42
2024-06-21,JPM,207.16
2024-06-21,MSFT,398.90
2024-06-21,XOM,99.11
2024-06-24,AAPL,152.21
2024-06-24,AMZN,204.01
2024-06-24,GOOGL,131.20
2024-06-24,JNJ,144.69
2024-06-24,JPM,208.02
2024-06-24,MSFT,398.40
2024-06-24,XOM,101.14
2024-06-25,AAPL,151.25
2024-06-25,AMZN,203.90
2024-06-25,GOOGL,131.93
2024-06-25,JNJ,144.70
2024-06-25,JPM,210.43
2024-06-25,MSFT,399.05
2024-06-25,XOM,101.35
2024-06-26,AAPL,150.90
2024-06-26,AMZN,206.61
2024-06-26,GOOGL,131.10
2024-06-26,JNJ,145.51
2024-06-26,JPM,203.67
2024-06-26,MSFT,402.21
2024-06-26,XOM,98.82
2024-06-27,AAPL,148.65
2024-06-27,AMZN,202.35
2024-06-27,GOOGL,132.43
2024-06-27,JNJ,145.70
2024-06-27,JPM,208.60
2024-06-27,MSFT,398.24
2024-06-27,XOM,100.45
2024-06-28,AAPL,146.25
2024-06-28,AMZN,203.91
2024-06-28,GOOGL,137.28
2024-06-28,JNJ,144.39
2024-06-28,JPM,208.31
2024-06-28,MSFT,409.04
2024-06-28,XOM,99.28
2024-07-01,AAPL,147.95
2024-07-01,AMZN,204.63
2024-07-01,GOOGL,137.70
2024-07-01,JNJ,146.05
2024-07-01,JPM,210.99
2024-07-01,MSFT,404.05
2024-07-01,XOM,102.62
2024-07-02,AAPL,150.80
2024-07-02,AMZN,206.63
2024-07-02,GOOGL,138.27
2024-07-02,JNJ,145.86
2024-07-02,JPM,208.56
2024-07-02,MSFT,398.08
2024-07-02,XOM,104.60
2024-07-03,AAPL,150.70
2024-07-03,AMZN,207.85
2024-07-03,GOOGL,137.30
2024-07-03,JNJ,145.84
2024-07-03,JPM,210.06
2024-07-03,MSFT,404.09
2024-07-03,XOM,103.79
2024-07-04,AAPL,152.86
2024-07-04,AMZN,217.81
2024-07-04,GOOGL,135.50
2024-07-04,JNJ,144.58
2024-07-04,JPM,207.61
2024-07-04,MSFT,408.30
2024-07-04,XOM,106.17
2024-07-05,AAPL,153.67
2024-07-05,AMZN,215.29
2024-07-05,GOOGL,137.31
2024-07-05,JNJ,144.00
2024-07-05,JPM,206.19
2024-07-05,MSFT,411.69
2024-07-05,XOM,106.31
2024-07-08,AAPL,152.35
2024-07-08,AMZN,213.23
2024-07-08,GOOGL,135.50
2024-07-08,JNJ,142.82
2024-07-08,JPM,210.76
2024-07-08,MSFT,415.12
2024-07-08,XOM,107.93
2024-07-09,AAPL,153.16
2024-07-09,AMZN,210.82
2024-07-09,GOOGL,135.68
2024-07-09,JNJ,142.61
2024-07-09,JPM,210.35
2024-07-09,MSFT,415.22
2024-07-09,XOM,108.86
2024-07-10,AAPL,156.51
2024-07-10,AMZN,208.71
2024-07-10,GOOGL,134.69
2024-07-10,JNJ,144.96
2024-07-10,JPM,210.92
2024-07-10,MSFT,410.72
2024-07-10,XOM,107.26
2024-07-11,AAPL,156.48
2024-07-11,AMZN,206.30
2024-07-11,GOOGL,135.73
2024-07-11,JNJ,143.11
2024-07-11,JPM,213.05
2024-07-11,MSFT,411.27
2024-07-11,XOM,106.06
2024-07-12,AAPL,159.95
2024-07-12,AMZN,211.07
2024-07-12,GOOGL,136.47
2024-07-12,JNJ,140.97
2024-07-12,JPM,214.30
2024-07-12,MSFT,407.94
2024-07-12,XOM,108.01
2024-07-15,AAPL,154.30
2024-07-15,AMZN,216.91
2024-07-15,GOOGL,138.75
2024-07-15,JNJ,142.97
2024-07-15,JPM,214.71
2024-07-15,MSFT,413.15
2024-07-15,XOM,107.38
2024-07-16,AAPL,156.11
2024-07-16,AMZN,214.67
2024-07-16,GOOGL,137.66
2024-07-16,JNJ,142.71
2024-07-16,JPM,215.65
2024-07-16,MSFT,412.55
2024-07-16,XOM,106.63
2024-07-17,AAPL,156.35
2024-07-17,AMZN,211.41
2024-07-17,GOOGL,137.11
2024-07-17,JNJ,141.83
2024-07-17,JPM,221.65
2024-07-17,MSFT,408.44
2024-07-17,XOM,104.86
2024-07-18,AAPL,155.75
2024-07-18,AMZN,213.39
2024-07-18,GOOGL,135.04
2024-07-18,JNJ,143.25
2024-07-18,JPM,221.55
2024-07-18,MSFT,406.95
2024-07-18,XOM,105.65
2024-07-19,AAPL,155.99
2024-07-19,AMZN,211.26
2024-07-19,GOOGL,134.12
2024-07-19,JNJ,142.45
2024-07-19,JPM,222.11
2024-07-19,MSFT,409.24
2024-07-19,XOM,109.58
2024-07-22,AAPL,151.80
2024-07-22,AMZN,213.89
2024-07-22,GOOGL,134.95
2024-07-22,JNJ,144.96
2024-07-22,JPM,224.82
2024-07-22,MSFT,406.50
2024-07-22,XOM,107.54
2024-07-23,AAPL,151.38
2024-07-23,AMZN,214.80
2024-07-23,GOOGL,136.59
2024-07-23,JNJ,145.91
2024-07-23,JPM,227.70
2024-07-23,MSFT,402.47
2024-07-23,XOM,107.60
2024-07-24,AAPL,152.18
2024-07-24,AMZN,208.82
2024-07-24,GOOGL,134.65
2024-07-24,JNJ,145.26
2024-07-24,JPM,230.84
2024-07-24,MSFT,403.87
2024-07-24,XOM,110.32
2024-07-25,AAPL,155.38
2024-07-25,AMZN,215.11
2024-07-25,GOOGL,136.53
2024-07-25,JNJ,148.28
2024-07-25,JPM,232.56
2024-07-25,MSFT,405.28
2024-07-25,XOM,110.17
2024-07-26,AAPL,154.31
2024-07-26,AMZN,222.63
2024-07-26,GOOGL,139.50
2024-07-26,JNJ,147.45
2024-07-26,JPM,229.62
2024-07-26,MSFT,402.86
2024-07-26,XOM,111.06
2024-07-29,AAPL,152.64
2024-07-29,AMZN,220.16
2024-07-29,GOOGL,140.44
2024-07-29,JNJ,148.51
2024-07-29,JPM,233.96
2024-07-29,MSFT,400.63
2024-07-29,XOM,109.01
2024-07-30,AAPL,151.63
2024-07-30,AMZN,218.64
2024-07-30,GOOGL,144.68
2024-07-30,JNJ,148.96
2024-07-30,JPM,230.99
2024-07-30,MSFT,401.97
2024-07-30,XOM,109.85
2024-07-31,AAPL,153.61
2024-07-31,AMZN,219.92
2024-07-31,GOOGL,142.96
2024-07-31,JNJ,150.82
2024-07-31,JPM,231.83
2024-07-31,MSFT,394.86
2024-07-31,XOM,109.49
2024-08-01,AAPL,154.35
2024-08-01,AMZN,221.40
2024-08-01,GOOGL,140.21
2024-08-01,JNJ,153.09
2024-08-01,JPM,229.91
2024-08-01,MSFT,388.07
2024-08-01,XOM,111.42
2024-08-02,AAPL,153.27
2024-08-02,AMZN,224.27
2024-08-02,GOOGL,136.36
2024-08-02,JNJ,153.16
2024-08-02,JPM,229.79
2024-08-02,MSFT,384.73
2024-08-02,XOM,113.79
2024-08-05,AAPL,154.41
2024-08-05,AMZN,233.05
2024-08-05,GOOGL,139.64
2024-08-05,JNJ,152.09
2024-08-05,JPM,230.70
2024-08-05,MSFT,383.85
2024-08-05,XOM,119.12
2024-08-06,AAPL,154.67
2024-08-06,AMZN,232.37
2024-08-06,GOOGL,141.12
2024-08-06,JNJ,152.78
2024-08-06,JPM,231.59
2024-08-06,MSFT,385.51
2024-08-06,XOM,120.35
2024-08-07,AAPL,156.80
2024-08-07,AMZN,228.99
2024-08-07,GOOGL,141.02
2024-08-07,JNJ,151.83
2024-08-07,JPM,232.75
2024-08-07,MSFT,392.89
2024-08-07,XOM,121.06
2024-08-08,AAPL,155.33
2024-08-08,AMZN,223.19
2024-08-08,GOOGL,141.67
2024-08-08,JNJ,154.77
2024-08-08,JPM,237.10
2024-08-08,MSFT,397.32
2024-08-08,XOM,121.48
2024-08-09,AAPL,154.68
2024-08-09,AMZN,220.22
2024-08-09,GOOGL,139.21
2024-08-09,JNJ,154.99
2024-08-09,JPM,238.37
2024-08-09,MSFT,396.68
2024-08-09,XOM,120.74
2024-08-12,AAPL,153.88
2024-08-12,AMZN,220.17
2024-08-12,GOOGL,144.70
2024-08-12,JNJ,154.48
2024-08-12,JPM,237.76
2024-08-12,MSFT,396.74
2024-08-12,XOM,121.47
2024-08-13,AAPL,150.84
2024-08-13,AMZN,227.86
2024-08-13,GOOGL,145.03
2024-08-13,JNJ,154.78
2024-08-13,JPM,240.43
2024-08-13,MSFT,391.92
2024-08-13,XOM,120.85
2024-08-14,AAPL,151.51
2024-08-14,AMZN,225.74
2024-08-14,GOOGL,145.30
2024-08-14,JNJ,152.84
2024-08-14,JPM,243.74
2024-08-14,MSFT,391.98
2024-08-14,XOM,121.22
2024-08-15,AAPL,152.10
2024-08-15,AMZN,226.79
2024-08-15,GOOGL,147.00
2024-08-15,JNJ,151.47
2024-08-15,JPM,240.43
2024-08-15,MSFT,390.71
2024-08-15,XOM,124.08
2024-08-16,AAPL,152.16
2024-08-16,AMZN,226.81
2024-08-16,GOOGL,148.15
2024-08-16,JNJ,153.22
2024-08-16,JPM,242.11
2024-08-16,MSFT,392.46
2024-08-16,XOM,121.91
2024-08-19,AAPL,151.71
2024-08-19,AMZN,232.06
2024-08-19,GOOGL,148.70
2024-08-19,JNJ,152.29
2024-08-19,JPM,244.10
2024-08-19,MSFT,388.54
2024-08-19,XOM,124.39
2024-08-20,AAPL,148.81
2024-08-20,AMZN,243.51
2024-08-20,GOOGL,146.89
2024-08-20,JNJ,150.82
2024-08-20,JPM,243.33
2024-08-20,MSFT,391.25
2024-08-20,XOM,127.33
2024-08-21,AAPL,147.99
2024-08-21,AMZN,241.18
2024-08-21,GOOGL,148.01
2024-08-21,JNJ,151.61
2024-08-21,JPM,247.20
2024-08-21,MSFT,399.04
2024-08-21,XOM,127.07
2024-08-22,AAPL,147.33
2024-08-22,AMZN,239.06
2024-08-22,GOOGL,152.49
2024-08-22,JNJ,153.34
2024-08-22,JPM,246.84
2024-08-22,MSFT,398.65
2024-08-22,XOM,122.42
2024-08-23,AAPL,145.74
2024-08-23,AMZN,243.93
2024-08-23,GOOGL,155.79
2024-08-23,JNJ,154.41
2024-08-23,JPM,247.24
2024-08-23,MSFT,400.83
2024-08-23,XOM,121.12
2024-08-26,AAPL,145.46
2024-08-26,AMZN,247.19
2024-08-26,GOOGL,159.78
2024-08-26,JNJ,155.89
2024-08-26,JPM,246.81
2024-08-26,MSFT,404.49
2024-08-26,XOM,123.93
2024-08-27,AAPL,146.32
2024-08-27,AMZN,256.08
2024-08-27,GOOGL,158.53
2024-08-27,JNJ,154.81
2024-08-27,JPM,246.91
2024-08-27,MSFT,402.61
2024-08-27,XOM,123.89
2024-08-28,AAPL,150.24
2024-08-28,AMZN,259.03
2024-08-28,GOOGL,156.11
2024-08-28,JNJ,152.76
2024-08-28,JPM,243.91
2024-08-28,MSFT,403.91
2024-08-28,XOM,121.74
2024-08-29,AAPL,150.65
2024-08-29,AMZN,257.38
2024-08-29,GOOGL,155.83
2024-08-29,JNJ,154.97
2024-08-29,JPM,240.01
2024-08-29,MSFT,404.14
2024-08-29,XOM,120.67
2024-08-30,AAPL,151.24
2024-08-30,AMZN,260.38
2024-08-30,GOOGL,156.00
2024-08-30,JNJ,154.52
2024-08-30,JPM,244.44
2024-08-30,MSFT,404.79
2024-08-30,XOM,122.48
2024-09-02,AAPL,151.13
2024-09-02,AMZN,266.00
2024-09-02,GOOGL,158.74
2024-09-02,JNJ,154.18
2024-09-02,JPM,242.15
2024-09-02,MSFT,401.03
2024-09-02,XOM,123.68
2024-09-03,AAPL,147.20
2024-09-03,AMZN,270.27
2024-09-03,GOOGL,154.59
2024-09-03,JNJ,156.15
2024-09-03,JPM,239.50
2024-09-03,MSFT,401.31
2024-09-03,XOM,123.17
2024-09-04,AAPL,147.20
2024-09-04,AMZN,272.99
2024-09-04,GOOGL,158.39
2024-09-04,JNJ,157.00
2024-09-04,JPM,233.77
2024-09-04,MSFT,404.00
2024-09-04,XOM,122.38
2024-09-05,AAPL,147.36
2024-09-05,AMZN,278.67
2024-09-05,GOOGL,158.03
2024-09-05,JNJ,157.70
2024-09-05,JPM,232.13
2024-09-05,MSFT,411.62
2024-09-05,XOM,121.55
2024-09-06,AAPL,152.53
2024-09-06,AMZN,285.01
2024-09-06,GOOGL,157.00
2024-09-06,JNJ,160.98
2024-09-06,JPM,228.73
2024-09-06,MSFT,416.79
2024-09-06,XOM,119.60
2024-09-09,AAPL,152.17
2024-09-09,AMZN,292.68
2024-09-09,GOOGL,154.55
2024-09-09,JNJ,160.03
2024-09-09,JPM,233.07
2024-09-09,MSFT,428.42
2024-09-09,XOM,123.07
2024-09-10,AAPL,152.85
2024-09-10,AMZN,296.41
2024-09-10,GOOGL,150.60
2024-09-10,JNJ,161.47
2024-09-10,JPM,235.81
2024-09-10,MSFT,424.46
2024-09-10,XOM,122.38
2024-09-11,AAPL,152.82
2024-09-11,AMZN,295.60
2024-09-11,GOOGL,152.60
2024-09-11,JNJ,161.58
2024-09-11,JPM,234.03
2024-09-11,MSFT,429.32
2024-09-11,XOM,125.05
2024-09-12,AAPL,150.41
2024-09-12,AMZN,296.54
2024-09-12,GOOGL,152.80
2024-09-12,JNJ,162.02
2024-09-12,JPM,240.13
2024-09-12,MSFT,430.49
2024-09-12,XOM,128.46
2024-09-13,AAPL,152.86
2024-09-13,AMZN,303.51
2024-09-13,GOOGL,149.76
2024-09-13,JNJ,164.40
2024-09-13,JPM,242.87
2024-09-13,MSFT,442.71
2024-09-13,XOM,130.75
2024-09-16,AAPL,154.51
2024-09-16,AMZN,298.98
2024-09-16,GOOGL,146.76
2024-09-16,JNJ,165.21
2024-09-16,JPM,242.03
2024-09-16,MSFT,438.39
2024-09-16,XOM,129.77
2024-09-17,AAPL,156.26
2024-09-17,AMZN,301.20
2024-09-17,GOOGL,146.02
2024-09-17,JNJ,166.08
2024-09-17,JPM,235.32
2024-09-17,MSFT,433.95
2024-09-17,XOM,130.71
2024-09-18,AAPL,154.35
2024-09-18,AMZN,299.09
2024-09-18,GOOGL,149.94
2024-09-18,JNJ,167.80
2024-09-18,JPM,241.56
2024-09-18,MSFT,430.86
2024-09-18,XOM,130.66
2024-09-19,AAPL,157.42
2024-09-19,AMZN,299.38
2024-09-19,GOOGL,149.35
2024-09-19,JNJ,167.25
2024-09-19,JPM,237.84
2024-09-19,MSFT,419.65
2024-09-19,XOM,128.61
2024-09-20,AAPL,154.44
2024-09-20,AMZN,306.83
2024-09-20,GOOGL,145.89
2024-09-20,JNJ,165.95
2024-09-20,JPM,233.49
2024-09-20,MSFT,417.04
2024-09-20,XOM,129.36
2024-09-23,AAPL,155.75
2024-09-23,AMZN,308.07
2024-09-23,GOOGL,145.35
2024-09-23,JNJ,164.35
2024-09-23,JPM,236.26
2024-09-23,MSFT,413.24
2024-09-23,XOM,126.70
2024-09-24,AAPL,160.60
2024-09-24,AMZN,308.47
2024-09-24,GOOGL,144.76
2024-09-24,JNJ,161.35
2024-09-24,JPM,242.94
2024-09-24,MSFT,414.19
2024-09-24,XOM,129.40
2024-09-25,AAPL,158.46
2024-09-25,AMZN,300.77
2024-09-25,GOOGL,138.76
2024-09-25,JNJ,164.54
2024-09-25,JPM,246.84
2024-09-25,MSFT,416.14
2024-09-25,XOM,128.35
2024-09-26,AAPL,157.26
2024-09-26,AMZN,305.16
2024-09-26,GOOGL,138.67
2024-09-26,JNJ,162.86
2024-09-26,JPM,248.47
2024-09-26,MSFT,426.26
2024-09-26,XOM,128.82
2024-09-27,AAPL,157.53
2024-09-27,AMZN,309.04
2024-09-27,GOOGL,138.20
2024-09-27,JNJ,162.54
2024-09-27,JPM,250.21
2024-09-27,MSFT,431.57
2024-09-27,XOM,129.47
2024-09-30,AAPL,156.48
2024-09-30,AMZN,322.07
2024-09-30,GOOGL,139.75
2024-09-30,JNJ,162.14
2024-09-30,JPM,252.70
2024-09-30,MSFT,428.61
2024-09-30,XOM,128.89
2024-10-01,AAPL,153.20
2024-10-01,AMZN,320.33
2024-10-01,GOOGL,143.90
2024-10-01,JNJ,162.64
2024-10-01,JPM,254.93
2024-10-01,MSFT,423.96
2024-10-01,XOM,130.25
2024-10-02,AAPL,153.39
2024-10-02,AMZN,321.80
2024-10-02,GOOGL,146.51
2024-10-02,JNJ,163.92
2024-10-02,JPM,255.80
2024-10-02,MSFT,426.76
2024-10-02,XOM,129.17
2024-10-03,AAPL,151.20
2024-10-03,AMZN,323.45
2024-10-03,GOOGL,145.92
2024-10-03,JNJ,165.28
2024-10-03,JPM,256.16
2024-10-03,MSFT,419.89
2024-10-03,XOM,131.18
2024-10-04,AAPL,152.24
2024-10-04,AMZN,333.38
2024-10-04,GOOGL,143.42
2024-10-04,JNJ,164.40
2024-10-04,JPM,256.03
2024-10-04,MSFT,429.86
2024-10-04,XOM,128.11
2024-10-07,AAPL,150.35
2024-10-07,AMZN,332.92
2024-10-07,GOOGL,149.38
2024-10-07,JNJ,164.17
2024-10-07,JPM,253.91
2024-10-07,MSFT,436.47
2024-10-07,XOM,128.41
2024-10-08,AAPL,153.66
2024-10-08,AMZN,334.82
2024-10-08,GOOGL,149.55
2024-10-08,JNJ,164.63
2024-10-08,JPM,253.16
2024-10-08,MSFT,434.07
2024-10-08,XOM,132.89
2024-10-09,AAPL,152.05
2024-10-09,AMZN,338.83
2024-10-09,GOOGL,149.61
2024-10-09,JNJ,164.27
2024-10-09,JPM,248.39
2024-10-09,MSFT,424.97
2024-10-09,XOM,130.58
2024-10-10,AAPL,151.42
2024-10-10,AMZN,340.17
2024-10-10,GOOGL,149.59
2024-10-10,JNJ,166.81
2024-10-10,JPM,248.17
2024-10-10,MSFT,432.45
2024-10-10,XOM,129.03
2024-10-11,AAPL,153.18
2024-10-11,AMZN,337.45
2024-10-11,GOOGL,150.08
2024-10-11,JNJ,167.61
2024-10-11,JPM,245.46
2024-10-11,MSFT,432.00
2024-10-11,XOM,130.22
2024-10-14,AAPL,150.64
2024-10-14,AMZN,338.83
2024-10-14,GOOGL,149.77
2024-10-14,JNJ,168.81
2024-10-14,JPM,242.46
2024-10-14,MSFT,438.96
2024-10-14,XOM,130.64
2024-10-15,AAPL,151.16
2024-10-15,AMZN,345.92
2024-10-15,GOOGL,148.45
2024-10-15,JNJ,169.89
2024-10-15,JPM,243.00
2024-10-15,MSFT,430.40
2024-10-15,XOM,131.47
2024-10-16,AAPL,153.97
2024-10-16,AMZN,339.41
2024-10-16,GOOGL,147.21
2024-10-16,JNJ,171.81
2024-10-16,JPM,246.92
2024-10-16,MSFT,427.34
2024-10-16,XOM,132.62
2024-10-17,AAPL,150.62
2024-10-17,AMZN,340.41
2024-10-17,GOOGL,147.16
2024-10-17,JNJ,172.13
2024-10-17,JPM,249.56
2024-10-17,MSFT,427.53
2024-10-17,XOM,134.12
2024-10-18,AAPL,151.05
2024-10-18,AMZN,336.08
2024-10-18,GOOGL,145.93
2024-10-18,JNJ,170.06
2024-10-18,JPM,245.21
2024-10-18,MSFT,427.96
2024-10-18,XOM,136.78
2024-10-21,AAPL,151.64
2024-10-21,AMZN,343.90
2024-10-21,GOOGL,144.33
2024-10-21,JNJ,170.73
2024-10-21,JPM,242.52
2024-10-21,MSFT,425.71
2024-10-21,XOM,137.79
2024-10-22,AAPL,153.34
2024-10-22,AMZN,334.28
2024-10-22,GOOGL,144.60
2024-10-22,JNJ,169.71
2024-10-22,JPM,245.18
2024-10-22,MSFT,429.23
2024-10-22,XOM,137.21
2024-10-23,AAPL,150.78
2024-10-23,AMZN,330.90
2024-10-23,GOOGL,144.05
2024-10-23,JNJ,168.89
2024-10-23,JPM,242.51
2024-10-23,MSFT,423.66
2024-10-23,XOM,138.86
2024-10-24,AAPL,148.09
2024-10-24,AMZN,333.41
2024-10-24,GOOGL,147.53
2024-10-24,JNJ,169.86
2024-10-24,JPM,241.95
2024-10-24,MSFT,423.07
2024-10-24,XOM,143.61
2024-10-25,AAPL,149.21
2024-10-25,AMZN,343.56
2024-10-25,GOOGL,141.53
2024-10-25,JNJ,171.88
2024-10-25,JPM,243.51
2024-10-25,MSFT,423.88
2024-10-25,XOM,143.28
2024-10-28,AAPL,149.87
2024-10-28,AMZN,343.28
2024-10-28,GOOGL,144.01
2024-10-28,JNJ,171.94
2024-10-28,JPM,240.90
2024-10-28,MSFT,426.81
2024-10-28,XOM,140.85
2024-10-29,AAPL,150.44
2024-10-29,AMZN,339.84
2024-10-29,GOOGL,146.89
2024-10-29,JNJ,172.47
2024-10-29,JPM,241.24
2024-10-29,MSFT,430.82
2024-10-29,XOM,143.64
2024-10-30,AAPL,151.21
2024-10-30,AMZN,352.28
2024-10-30,GOOGL,142.20
2024-10-30,JNJ,175.30
2024-10-30,JPM,237.67
2024-10-30,MSFT,424.93
2024-10-30,XOM,143.35
2024-10-31,AAPL,149.83
2024-10-31,AMZN,342.92
2024-10-31,GOOGL,141.46
2024-10-31,JNJ,175.72
2024-10-31,JPM,236.11
2024-10-31,MSFT,416.96
2024-10-31,XOM,137.97
2024-11-01,AAPL,150.36
2024-11-01,AMZN,329.10
2024-11-01,GOOGL,140.66
2024-11-01,JNJ,180.12
2024-11-01,JPM,237.02
2024-11-01,MSFT,423.89
2024-11-01,XOM,140.06
2024-11-04,AAPL,151.02
2024-11-04,AMZN,331.98
2024-11-04,GOOGL,137.61
2024-11-04,JNJ,181.12
2024-11-04,JPM,232.82
2024-11-04,MSFT,425.84
2024-11-04,XOM,138.75
2024-11-05,AAPL,149.58
2024-11-05,AMZN,328.98
2024-11-05,GOOGL,135.96
2024-11-05,JNJ,178.15
2024-11-05,JPM,234.04
2024-11-05,MSFT,422.01
2024-11-05,XOM,138.54
2024-11-06,AAPL,153.54
2024-11-06,AMZN,322.83
2024-11-06,GOOGL,133.63
2024-11-06,JNJ,179.46
2024-11-06,JPM,234.04
2024-11-06,MSFT,430.51
2024-11-06,XOM,139.37
2024-11-07,AAPL,154.60
2024-11-07,AMZN,327.32
2024-11-07,GOOGL,137.39
2024-11-07,JNJ,180.13
2024-11-07,JPM,235.56
2024-11-07,MSFT,431.31
2024-11-07,XOM,139.85
2024-11-08,AAPL,152.11
2024-11-08,AMZN,328.97
2024-11-08,GOOGL,139.46
2024-11-08,JNJ,182.37
2024-11-08,JPM,236.21
2024-11-08,MSFT,437.94
2024-11-08,XOM,141.62
2024-11-11,AAPL,153.55
2024-11-11,AMZN,325.61
2024-11-11,GOOGL,142.31
2024-11-11,JNJ,183.56
2024-11-11,JPM,239.94
2024-11-11,MSFT,438.49
2024-11-11,XOM,140.55
2024-11-12,AAPL,151.54
2024-11-12,AMZN,317.96
2024-11-12,GOOGL,143.96
2024-11-12,JNJ,183.35
2024-11-12,JPM,240.33
2024-11-12,MSFT,450.20
2024-11-12,XOM,141.84
2024-11-13,AAPL,153.24
2024-11-13,AMZN,323.38
2024-11-13,GOOGL,141.45
2024-11-13,JNJ,181.27
2024-11-13,JPM,239.22
2024-11-13,MSFT,460.45
2024-11-13,XOM,141.20
2024-11-14,AAPL,155.77
2024-11-14,AMZN,327.52
2024-11-14,GOOGL,140.32
2024-11-14,JNJ,180.94
2024-11-14,JPM,239.60
2024-11-14,MSFT,459.19
2024-11-14,XOM,143.07
2024-11-15,AAPL,154.06
2024-11-15,AMZN,327.04
2024-11-15,GOOGL,141.43
2024-11-15,JNJ,179.52
2024-11-15,JPM,241.13
2024-11-15,MSFT,465.03
2024-11-15,XOM,144.64
2024-11-18,AAPL,156.17
2024-11-18,AMZN,338.80
2024-11-18,GOOGL,138.76
2024-11-18,JNJ,178.56
2024-11-18,JPM,241.32
2024-11-18,MSFT,469.01
2024-11-18,XOM,142.29
2024-11-19,AAPL,157.12
2024-11-19,AMZN,332.15
2024-11-19,GOOGL,140.35
2024-11-19,JNJ,179.58
2024-11-19,JPM,241.48
2024-11-19,MSFT,477.36
2024-11-19,XOM,145.05
2024-11-20,AAPL,158.96
2024-11-20,AMZN,322.85
2024-11-20,GOOGL,139.85
2024-11-20,JNJ,182.47
2024-11-20,JPM,239.62
2024-11-20,MSFT,471.78
2024-11-20,XOM,143.70
2024-11-21,AAPL,163.25
2024-11-21,AMZN,318.79
2024-11-21,GOOGL,139.05
2024-11-21,JNJ,183.18
2024-11-21,JPM,237.87
2024-11-21,MSFT,476.06
2024-11-21,XOM,145.77
2024-11-22,AAPL,162.74
2024-11-22,AMZN,318.64
2024-11-22,GOOGL,140.65
2024-11-22,JNJ,181.15
2024-11-22,JPM,234.17
2024-11-22,MSFT,482.64
2024-11-22,XOM,146.73
2024-11-25,AAPL,161.10
2024-11-25,AMZN,320.25
2024-11-25,GOOGL,141.66
2024-11-25,JNJ,181.94
2024-11-25,JPM,238.91
2024-11-25,MSFT,472.25
2024-11-25,XOM,151.58
2024-11-26,AAPL,159.17
2024-11-26,AMZN,318.92
2024-11-26,GOOGL,140.89
2024-11-26,JNJ,184.04
2024-11-26,JPM,235.62
2024-11-26,MSFT,465.45
2024-11-26,XOM,150.99
2024-11-27,AAPL,157.43
2024-11-27,AMZN,321.19
2024-11-27,GOOGL,143.51
2024-11-27,JNJ,183.01
2024-11-27,JPM,233.82
2024-11-27,MSFT,453.83
2024-11-27,XOM,150.08
2024-11-28,AAPL,157.31
2024-11-28,AMZN,313.81
2024-11-28,GOOGL,141.11
2024-11-28,JNJ,182.80
2024-11-28,JPM,231.98
2024-11-28,MSFT,452.47
2024-11-28,XOM,150.04
2024-11-29,AAPL,158.10
2024-11-29,AMZN,322.62
2024-11-29,GOOGL,142.52
2024-11-29,JNJ,182.86
2024-11-29,JPM,234.39
2024-11-29,MSFT,456.76
2024-11-29,XOM,149.25
2024-12-02,AAPL,158.76
2024-12-02,AMZN,322.26
2024-12-02,GOOGL,143.88
2024-12-02,JNJ,181.53
2024-12-02,JPM,233.66
2024-12-02,MSFT,465.67
2024-12-02,XOM,151.39
2024-12-03,AAPL,160.64
2024-12-03,AMZN,329.27
2024-12-03,GOOGL,143.21
2024-12-03,JNJ,182.68
2024-12-03,JPM,237.04
2024-12-03,MSFT,466.29
2024-12-03,XOM,147.14
2024-12-04,AAPL,160.71
2024-12-04,AMZN,331.55
2024-12-04,GOOGL,143.98
2024-12-04,JNJ,182.50
2024-12-04,JPM,235.29
2024-12-04,MSFT,476.15
2024-12-04,XOM,144.45
2024-12-05,AAPL,164.03
2024-12-05,AMZN,334.56
2024-12-05,GOOGL,141.19
2024-12-05,JNJ,183.25
2024-12-05,JPM,236.08
2024-12-05,MSFT,468.12
2024-12-05,XOM,141.76
2024-12-06,AAPL,163.48
2024-12-06,AMZN,338.33
2024-12-06,GOOGL,143.29
2024-12-06,JNJ,181.75
2024-12-06,JPM,233.91
2024-12-06,MSFT,458.37
2024-12-06,XOM,144.17
2024-12-09,AAPL,169.81
2024-12-09,AMZN,341.34
2024-12-09,GOOGL,142.90
2024-12-09,JNJ,181.03
2024-12-09,JPM,239.72
2024-12-09,MSFT,458.23
2024-12-09,XOM,148.60
2024-12-10,AAPL,171.35
2024-12-10,AMZN,345.66
2024-12-10,GOOGL,141.76
2024-12-10,JNJ,182.29
2024-12-10,JPM,236.56
2024-12-10,MSFT,460.63
2024-12-10,XOM,148.34
2024-12-11,AAPL,169.37
2024-12-11,AMZN,354.60
2024-12-11,GOOGL,144.15
2024-12-11,JNJ,181.68
2024-12-11,JPM,237.44
2024-12-11,MSFT,460.63
2024-12-11,XOM,147.91
2024-12-12,AAPL,166.93
2024-12-12,AMZN,356.07
2024-12-12,GOOGL,142.59
2024-12-12,JNJ,184.70
2024-12-12,JPM,239.21
2024-12-12,MSFT,448.96
2024-12-12,XOM,148.10
2024-12-13,AAPL,168.10
2024-12-13,AMZN,361.02
2024-12-13,GOOGL,139.48
2024-12-13,JNJ,184.03
2024-12-13,JPM,240.38
2024-12-13,MSFT,448.63
2024-12-13,XOM,151.18
2024-12-16,AAPL,167.63
2024-12-16,AMZN,360.56
2024-12-16,GOOGL,136.13
2024-12-16,JNJ,184.45
2024-12-16,JPM,239.93
2024-12-16,MSFT,441.50
2024-12-16,XOM,148.74
2024-12-17,AAPL,169.35
2024-12-17,AMZN,370.66
2024-12-17,GOOGL,137.46
2024-12-17,JNJ,186.11
2024-12-17,JPM,239.63
2024-12-17,MSFT,445.41
2024-12-17,XOM,149.38
2024-12-18,AAPL,170.51
2024-12-18,AMZN,366.10
2024-12-18,GOOGL,134.75
2024-12-18,JNJ,183.66
2024-12-18,JPM,239.80
2024-12-18,MSFT,447.65
2024-12-18,XOM,151.99
2024-12-19,AAPL,170.39
2024-12-19,AMZN,378.94
2024-12-19,GOOGL,138.55
2024-12-19,JNJ,180.66
2024-12-19,JPM,239.45
2024-12-19,MSFT,442.56
2024-12-19,XOM,153.35
2024-12-20,AAPL,168.45
2024-12-20,AMZN,378.81
2024-12-20,GOOGL,134.11
2024-12-20,JNJ,178.10
2024-12-20,JPM,242.13
2024-12-20,MSFT,439.88
2024-12-20,XOM,153.87
2024-12-23,AAPL,165.00
2024-12-23,AMZN,368.85
2024-12-23,GOOGL,137.76
2024-12-23,JNJ,180.27
2024-12-23,JPM,248.33
2024-12-23,MSFT,434.22
2024-12-23,XOM,156.63
2024-12-24,AAPL,164.04
2024-12-24,AMZN,369.90
2024-12-24,GOOGL,138.25
2024-12-24,JNJ,179.36
2024-12-24,JPM,246.82
2024-12-24,MSFT,434.05
2024-12-24,XOM,149.35
2024-12-25,AAPL,166.04
2024-12-25,AMZN,365.32
2024-12-25,GOOGL,138.07
2024-12-25,JNJ,183.77
2024-12-25,JPM,243.07
2024-12-25,MSFT,439.48
2024-12-25,XOM,151.16
2024-12-26,AAPL,166.59
2024-12-26,AMZN,371.33
2024-12-26,GOOGL,136.91
2024-12-26,JNJ,182.82
2024-12-26,JPM,242.88
2024-12-26,MSFT,434.23
2024-12-26,XOM,149.44
2024-12-27,AAPL,163.79
2024-12-27,AMZN,366.93
2024-12-27,GOOGL,137.80
2024-12-27,JNJ,183.17
2024-12-27,JPM,250.14
2024-12-27,MSFT,437.17
2024-12-27,XOM,144.70
2024-12-30,AAPL,164.23
2024-12-30,AMZN,364.00
2024-12-30,GOOGL,137.75
2024-12-30,JNJ,185.89
2024-12-30,JPM,247.92
2024-12-30,MSFT,434.43
2024-12-30,XOM,146.02
2024-12-31,AAPL,165.16
2024-12-31,AMZN,351.38
2024-12-31,GOOGL,140.19
2024-12-31,JNJ,189.47
2024-12-31,JPM,252.63
2024-12-31,MSFT,430.28
2024-12-31,XOM,149.62
2025-01-01,AAPL,163.20
2025-01-01,AMZN,348.53
2025-01-01,GOOGL,140.47
2025-01-01,JNJ,193.23
2025-01-01,JPM,257.53
2025-01-01,MSFT,429.87
2025-01-01,XOM,149.27
2025-01-02,AAPL,163.59
2025-01-02,AMZN,333.07
2025-01-02,GOOGL,140.83
2025-01-02,JNJ,195.48
2025-01-02,JPM,255.98
2025-01-02,MSFT,424.47
2025-01-02,XOM,151.81
2025-01-03,AAPL,163.77
2025-01-03,AMZN,323.38
2025-01-03,GOOGL,140.05
2025-01-03,JNJ,197.41
2025-01-03,JPM,257.69
2025-01-03,MSFT,421.69
2025-01-03,XOM,156.20
2025-01-06,AAPL,161.25
2025-01-06,AMZN,328.20
2025-01-06,GOOGL,139.95
2025-01-06,JNJ,198.55
2025-01-06,JPM,262.55
2025-01-06,MSFT,415.53
2025-01-06,XOM,159.88
2025-01-07,AAPL,162.10
2025-01-07,AMZN,333.25
2025-01-07,GOOGL,140.66
2025-01-07,JNJ,200.05
2025-01-07,JPM,261.48
2025-01-07,MSFT,426.12
2025-01-07,XOM,164.58
2025-01-08,AAPL,163.41
2025-01-08,AMZN,336.08
2025-01-08,GOOGL,136.95
2025-01-08,JNJ,199.04
2025-01-08,JPM,260.93
2025-01-08,MSFT,426.48
2025-01-08,XOM,166.77
2025-01-09,AAPL,165.93
2025-01-09,AMZN,330.13
2025-01-09,GOOGL,134.10
2025-01-09,JNJ,197.53
2025-01-09,JPM,259.27
2025-01-09,MSFT,422.90
2025-01-09,XOM,167.00
2025-01-10,AAPL,168.43
2025-01-10,AMZN,329.97
2025-01-10,GOOGL,135.70
2025-01-10,JNJ,197.56
2025-01-10,JPM,256.36
2025-01-10,MSFT,424.21
2025-01-10,XOM,162.36
2025-01-13,AAPL,165.29
2025-01-13,AMZN,330.08
2025-01-13,GOOGL,136.09
2025-01-13,JNJ,197.27
2025-01-13,JPM,254.53
2025-01-13,MSFT,423.78
2025-01-13,XOM,161.67
2025-01-14,AAPL,163.21
2025-01-14,AMZN,323.07
2025-01-14,GOOGL,135.73
2025-01-14,JNJ,196.46
2025-01-14,JPM,251.08
2025-01-14,MSFT,422.77
2025-01-14,XOM,159.30
2025-01-15,AAPL,164.42
2025-01-15,AMZN,332.52
2025-01-15,GOOGL,135.79
2025-01-15,JNJ,197.79
2025-01-15,JPM,251.23
2025-01-15,MSFT,426.22
2025-01-15,XOM,165.53
2025-01-16,AAPL,165.65
2025-01-16,AMZN,338.22
2025-01-16,GOOGL,136.56
2025-01-16,JNJ,199.61
2025-01-16,JPM,249.10
2025-01-16,MSFT,430.48
2025-01-16,XOM,165.03
2025-01-17,AAPL,166.89
2025-01-17,AMZN,336.95
2025-01-17,GOOGL,135.44
2025-01-17,JNJ,199.81
2025-01-17,JPM,249.81
2025-01-17,MSFT,427.78
2025-01-17,XOM,165.40
2025-01-20,AAPL,176.09
2025-01-20,AMZN,337.26
2025-01-20,GOOGL,133.81
2025-01-20,JNJ,202.65
2025-01-20,JPM,245.50
2025-01-20,MSFT,424.86
2025-01-20,XOM,167.03
2025-01-21,AAPL,177.54
2025-01-21,AMZN,338.73
2025-01-21,GOOGL,134.25
2025-01-21,JNJ,200.50
2025-01-21,JPM,246.47
2025-01-21,MSFT,423.56
2025-01-21,XOM,167.18
2025-01-22,AAPL,180.41
2025-01-22,AMZN,326.05
2025-01-22,GOOGL,132.22
2025-01-22,JNJ,200.17
2025-01-22,JPM,248.87
2025-01-22,MSFT,411.61
2025-01-22,XOM,172.27
2025-01-23,AAPL,182.87
2025-01-23,AMZN,324.66
2025-01-23,GOOGL,133.10
2025-01-23,JNJ,198.85
2025-01-23,JPM,243.35
2025-01-23,MSFT,403.99
2025-01-23,XOM,170.40
2025-01-24,AAPL,184.58
2025-01-24,AMZN,320.64
2025-01-24,GOOGL,129.61
2025-01-24,JNJ,195.40
2025-01-24,JPM,244.44
2025-01-24,MSFT,411.17
2025-01-24,XOM,171.00
2025-01-27,AAPL,183.83
2025-01-27,AMZN,314.76
2025-01-27,GOOGL,131.75
2025-01-27,JNJ,195.28
2025-01-27,JPM,247.92
2025-01-27,MSFT,419.95
2025-01-27,XOM,168.79
2025-01-28,AAPL,185.83
2025-01-28,AMZN,313.22
2025-01-28,GOOGL,132.76
2025-01-28,JNJ,195.08
2025-01-28,JPM,244.60
2025-01-28,MSFT,418.80
2025-01-28,XOM,164.92
2025-01-29,AAPL,183.91
2025-01-29,AMZN,324.18
2025-01-29,GOOGL,133.32
2025-01-29,JNJ,197.93
2025-01-29,JPM,249.33
2025-01-29,MSFT,422.02
2025-01-29,XOM,163.16
2025-01-30,AAPL,183.36
2025-01-30,AMZN,328.27
2025-01-30,GOOGL,135.43
2025-01-30,JNJ,199.14
2025-01-30,JPM,250.57
2025-01-30,MSFT,423.85
2025-01-30,XOM,163.07
2025-01-31,AAPL,182.19
2025-01-31,AMZN,324.88
2025-01-31,GOOGL,139.05
2025-01-31,JNJ,197.25
2025-01-31,JPM,248.63
2025-01-31,MSFT,440.78
2025-01-31,XOM,161.85
2025-02-03,AAPL,182.45
2025-02-03,AMZN,328.55
2025-02-03,GOOGL,141.32
2025-02-03,JNJ,200.77
2025-02-03,JPM,248.53
2025-02-03,MSFT,447.22
2025-02-03,XOM,159.90
2025-02-04,AAPL,188.45
2025-02-04,AMZN,337.50
2025-02-04,GOOGL,137.31
2025-02-04,JNJ,203.13
2025-02-04,JPM,250.16
2025-02-04,MSFT,446.68
2025-02-04,XOM,155.99
2025-02-05,AAPL,183.69
2025-02-05,AMZN,343.59
2025-02-05,GOOGL,134.59
2025-02-05,JNJ,204.28
2025-02-05,JPM,250.43
2025-02-05,MSFT,441.51
2025-02-05,XOM,155.78
2025-02-06,AAPL,185.51
2025-02-06,AMZN,344.12
2025-02-06,GOOGL,133.30
2025-02-06,JNJ,203.88
2025-02-06,JPM,252.02
2025-02-06,MSFT,432.84
2025-02-06,XOM,151.71
2025-02-07,AAPL,181.46
2025-02-07,AMZN,340.08
2025-02-07,GOOGL,133.38
2025-02-07,JNJ,202.07
2025-02-07,JPM,249.45
2025-02-07,MSFT,434.12
2025-02-07,XOM,153.77
2025-02-10,AAPL,180.33
2025-02-10,AMZN,344.74
2025-02-10,GOOGL,134.50
2025-02-10,JNJ,201.39
2025-02-10,JPM,249.98
2025-02-10,MSFT,430.17
2025-02-10,XOM,154.01
2025-02-11,AAPL,183.13
2025-02-11,AMZN,347.46
2025-02-11,GOOGL,133.00
2025-02-11,JNJ,203.50
2025-02-11,JPM,246.06
2025-02-11,MSFT,422.70
2025-02-11,XOM,150.11
2025-02-12,AAPL,183.35
2025-02-12,AMZN,353.53
2025-02-12,GOOGL,133.42
2025-02-12,JNJ,207.19
2025-02-12,JPM,245.80
2025-02-12,MSFT,419.44
2025-02-12,XOM,149.31
2025-02-13,AAPL,180.68
2025-02-13,AMZN,357.95
2025-02-13,GOOGL,131.86
2025-02-13,JNJ,210.27
2025-02-13,JPM,243.35
2025-02-13,MSFT,413.93
2025-02-13,XOM,147.35
2025-02-14,AAPL,178.95
2025-02-14,AMZN,365.27
2025-02-14,GOOGL,130.62
2025-02-14,JNJ,209.33
2025-02-14,JPM,241.38
2025-02-14,MSFT,422.99
2025-02-14,XOM,148.19
2025-02-17,AAPL,180.70
2025-02-17,AMZN,361.75
2025-02-17,GOOGL,127.79
2025-02-17,JNJ,207.16
2025-02-17,JPM,244.84
2025-02-17,MSFT,427.88
2025-02-17,XOM,151.75
2025-02-18,AAPL,178.94
2025-02-18,AMZN,371.02
2025-02-18,GOOGL,125.97
2025-02-18,JNJ,207.47
2025-02-18,JPM,247.94
2025-02-18,MSFT,428.01
2025-02-18,XOM,146.83
2025-02-19,AAPL,179.53
2025-02-19,AMZN,372.57
2025-02-19,GOOGL,123.34
2025-02-19,JNJ,204.06
2025-02-19,JPM,249.71
2025-02-19,MSFT,436.24
2025-02-19,XOM,147.14
2025-02-20,AAPL,179.70
2025-02-20,AMZN,387.63
2025-02-20,GOOGL,121.48
2025-02-20,JNJ,204.72
2025-02-20,JPM,246.69
2025-02-20,MSFT,436.83
2025-02-20,XOM,146.74
2025-02-21,AAPL,178.13
2025-02-21,AMZN,382.77
2025-02-21,GOOGL,123.54
2025-02-21,JNJ,204.46
2025-02-21,JPM,245.86
2025-02-21,MSFT,432.29
2025-02-21,XOM,148.50
2025-02-24,AAPL,183.56
2025-02-24,AMZN,395.70
2025-02-24,GOOGL,121.73
2025-02-24,JNJ,203.59
2025-02-24,JPM,249.32
2025-02-24,MSFT,440.84
2025-02-24,XOM,149.07
2025-02-25,AAPL,185.24
2025-02-25,AMZN,397.35
2025-02-25,GOOGL,126.90
2025-02-25,JNJ,200.58
2025-02-25,JPM,249.77
2025-02-25,MSFT,444.02
2025-02-25,XOM,147.12
2025-02-26,AAPL,180.16
2025-02-26,AMZN,392.65
2025-02-26,GOOGL,127.92
2025-02-26,JNJ,201.59
2025-02-26,JPM,256.48
2025-02-26,MSFT,438.43
2025-02-26,XOM,146.30
2025-02-27,AAPL,180.68
2025-02-27,AMZN,389.24
2025-02-27,GOOGL,128.32
2025-02-27,JNJ,200.61
2025-02-27,JPM,257.69
2025-02-27,MSFT,437.55
2025-02-27,XOM,144.27
2025-02-28,AAPL,179.09
2025-02-28,AMZN,387.05
2025-02-28,GOOGL,126.62
2025-02-28,JNJ,198.43
2025-02-28,JPM,258.30
2025-02-28,MSFT,432.92
2025-02-28,XOM,147.05
2025-03-03,AAPL,181.27
2025-03-03,AMZN,390.33
2025-03-03,GOOGL,128.05
2025-03-03,JNJ,193.15
2025-03-03,JPM,257.45
2025-03-03,MSFT,425.62
2025-03-03,XOM,147.12
2025-03-04,AAPL,179.35
2025-03-04,AMZN,394.37
2025-03-04,GOOGL,126.92
2025-03-04,JNJ,193.13
2025-03-04,JPM,257.90
2025-03-04,MSFT,430.78
2025-03-04,XOM,152.15
2025-03-05,AAPL,179.11
2025-03-05,AMZN,390.28
2025-03-05,GOOGL,127.18
2025-03-05,JNJ,196.42
2025-03-05,JPM,257.51
2025-03-05,MSFT,441.45
2025-03-05,XOM,152.00
2025-03-06,AAPL,180.43
2025-03-06,AMZN,390.26
2025-03-06,GOOGL,132.44
2025-03-06,JNJ,199.56
2025-03-06,JPM,259.64
2025-03-06,MSFT,433.91
2025-03-06,XOM,150.12
2025-03-07,AAPL,182.66
2025-03-07,AMZN,406.56
2025-03-07,GOOGL,132.27
2025-03-07,JNJ,198.73
2025-03-07,JPM,262.53
2025-03-07,MSFT,437.17
2025-03-07,XOM,146.18
2025-03-10,AAPL,179.70
2025-03-10,AMZN,420.22
2025-03-10,GOOGL,134.71
2025-03-10,JNJ,197.63
2025-03-10,JPM,260.25
2025-03-10,MSFT,433.77
2025-03-10,XOM,141.61
2025-03-11,AAPL,178.92
2025-03-11,AMZN,423.88
2025-03-11,GOOGL,133.25
2025-03-11,JNJ,198.54
2025-03-11,JPM,256.41
2025-03-11,MSFT,431.29
2025-03-11,XOM,137.72
2025-03-12,AAPL,177.80
2025-03-12,AMZN,424.36
2025-03-12,GOOGL,133.20
2025-03-12,JNJ,196.70
2025-03-12,JPM,251.18
2025-03-12,MSFT,428.25
2025-03-12,XOM,138.39
2025-03-13,AAPL,176.25
2025-03-13,AMZN,425.50
2025-03-13,GOOGL,137.00
2025-03-13,JNJ,197.30
2025-03-13,JPM,252.68
2025-03-13,MSFT,423.79
2025-03-13,XOM,139.64
2025-03-14,AAPL,180.67
2025-03-14,AMZN,430.64
2025-03-14,GOOGL,135.68
2025-03-14,JNJ,198.76
2025-03-14,JPM,249.60
2025-03-14,MSFT,424.21
2025-03-14,XOM,135.82
2025-03-17,AAPL,181.74
2025-03-17,AMZN,422.58
2025-03-17,GOOGL,139.63
2025-03-17,JNJ,201.11
2025-03-17,JPM,243.63
2025-03-17,MSFT,419.96
2025-03-17,XOM,137.99
2025-03-18,AAPL,178.65
2025-03-18,AMZN,420.70
2025-03-18,GOOGL,141.23
2025-03-18,JNJ,200.95
2025-03-18,JPM,244.76
2025-03-18,MSFT,421.56
2025-03-18,XOM,136.83
2025-03-19,AAPL,180.99
2025-03-19,AMZN,407.81
2025-03-19,GOOGL,140.01
2025-03-19,JNJ,200.59
2025-03-19,JPM,251.83
2025-03-19,MSFT,421.46
2025-03-19,XOM,137.19
2025-03-20,AAPL,186.45
2025-03-20,AMZN,411.07
2025-03-20,GOOGL,141.44
2025-03-20,JNJ,198.97
2025-03-20,JPM,251.86
2025-03-20,MSFT,420.36
2025-03-20,XOM,141.16
2025-03-21,AAPL,189.19
2025-03-21,AMZN,416.30
2025-03-21,GOOGL,143.65
2025-03-21,JNJ,197.45
2025-03-21,JPM,254.32
2025-03-21,MSFT,415.75
2025-03-21,XOM,143.43
2025-03-24,AAPL,185.31
2025-03-24,AMZN,412.69
2025-03-24,GOOGL,145.09
2025-03-24,JNJ,197.06
2025-03-24,JPM,254.62
2025-03-24,MSFT,412.90
2025-03-24,XOM,142.76
2025-03-25,AAPL,184.12
2025-03-25,AMZN,425.33
2025-03-25,GOOGL,141.57
2025-03-25,JNJ,197.77
2025-03-25,JPM,254.38
2025-03-25,MSFT,417.02
2025-03-25,XOM,140.55
2025-03-26,AAPL,187.44
2025-03-26,AMZN,415.76
2025-03-26,GOOGL,139.99
2025-03-26,JNJ,199.52
2025-03-26,JPM,257.10
2025-03-26,MSFT,419.82
2025-03-26,XOM,135.32
2025-03-27,AAPL,185.67
2025-03-27,AMZN,404.58
2025-03-27,GOOGL,139.47
2025-03-27,JNJ,198.04
2025-03-27,JPM,256.31
2025-03-27,MSFT,414.85
2025-03-27,XOM,133.63
2025-03-28,AAPL,186.87
2025-03-28,AMZN,406.47
2025-03-28,GOOGL,139.33
2025-03-28,JNJ,200.88
2025-03-28,JPM,257.15
2025-03-28,MSFT,415.53
2025-03-28,XOM,133.14
2025-03-31,AAPL,188.94
2025-03-31,AMZN,414.77
2025-03-31,GOOGL,140.73
2025-03-31,JNJ,200.40
2025-03-31,JPM,258.14
2025-03-31,MSFT,419.65
2025-03-31,XOM,130.85
